CMD_ID,ACTION,PRODUCT,RESULT,TOOL,TIME,V,MESSAGE,DATE,HOUR
CMD_0003,GET_PROCESS_RESULT,LEFT_DOOR,OK,1,7.548,500,NONE,2026-09-27,20:42:21
CMD_0005,GET_PROCESS_RESULT,RIGHT_DOOR,OK,1,11.496,250,NONE,2026-09-27,20:43:16
CMD_0007,GET_PROCESS_RESULT,LEFT_DOOR,NOK,2,4.384,2000,CYCLE_TIME_BELOW_TOL,2026-09-27,20:43:37
CMD_0009,GET_PROCESS_RESULT,RIGHT_DOOR,NOK,2,22.740,100,GLUE_FLOW_BELOW_TOL,2026-09-27,20:44:29
CMD_0011,GET_PROCESS_RESULT,LEFT_DOOR,NOK,2,17.136,150,GLUE_FLOW_ABOVE_TOL,2026-09-27,20:45:35
CMD_0013,GET_PROCESS_RESULT,RIGHT_DOOR,NOK,1,5.004,700,GLUE_APPLICATION_LOST,2026-09-27,20:45:54
CMD_0015,GET_PROCESS_RESULT,LEFT_DOOR,NOK,2,14.820,180,GLUE_FLOW_BELOW_TOL,2026-09-27,20:47:15
CMD_0017,GET_PROCESS_RESULT,RIGHT_DOOR,OK,2,6.636,500,NONE,2026-09-27,20:47:42
CMD_0019,GET_PROCESS_RESULT,LEFT_DOOR,OK,2,6.632,600,NONE,2026-09-27,20:48:06
CMD_0021,GET_PROCESS_RESULT,LEFT_DOOR,OK,2,8.440,400,NONE,2026-09-27,20:48:32
CMD_0023,GET_PROCESS_RESULT,RIGHT_DOOR,NOK,2,12.704,200,GLUE_FLOW_BELOW_TOL,2026-09-27,20:49:13
CMD_0025,GET_PROCESS_RESULT,RIGHT_DOOR,OK,1,6.808,550,NONE,2026-09-27,20:49:55
